1,4,7,10,12,0,F_cos,F_emit,F_with,F_con
0.0,0.0,0.0,0.0,0.0,283.3999999999995,1449.9555999999964,1.2642474302020692,5313.749999999991,4841.416666666659
0.0,0.0,0.0,0.0,33.333333333333336,250.0666666666663,1266.5778222222198,0.7512946536157497,36299.86111111111,4549.749999999993
0.0,0.0,0.0,0.0,66.66666666666667,216.733333333333,1127.6444888888868,0.5126085127448523,67285.97222222222,4258.083333333328
0.0,0.0,0.0,0.0,100.0,183.39999999999975,1033.1555999999987,0.4016208994816038,98272.08333333333,3966.4166666666624
0.0,0.0,0.0,33.333333333333336,0.0,250.06666666666632,1269.9111555555533,0.7521346460235157,36299.86111111111,4549.749999999994
0.0,0.0,0.0,33.333333333333336,33.333333333333336,216.73333333333306,1108.7555999999981,0.5013247004542796,67285.97222222222,4258.0833333333285
0.0,0.0,0.0,33.333333333333336,66.66666666666667,183.3999999999998,992.0444888888878,0.37264122216051965,98272.08333333334,3966.4166666666633
0.0,0.0,0.0,33.333333333333336,100.0,150.06666666666652,919.7778222222215,0.3129545576125507,129258.19444444444,3674.7499999999973
0.0,0.0,0.0,66.66666666666667,0.0,216.7333333333331,1120.9778222222208,0.5125351473898564,67285.97222222222,4258.083333333329
0.0,0.0,0.0,66.66666666666667,33.333333333333336,183.39999999999978,982.0444888888876,0.3717278643977573,98272.08333333334,3966.4166666666624
0.0,0.0,0.0,66.66666666666667,66.66666666666667,150.06666666666652,887.5555999999992,0.2943453348192771,129258.19444444445,3674.7499999999973
0.0,0.0,0.0,66.66666666666667,100.0,116.73333333333325,837.5111555555552,0.26331016851171524,160244.30555555556,3383.0833333333317
0.0,0.0,0.0,100.0,0.0,183.3999999999998,1003.1555999999989,0.39571051784980227,98272.08333333333,3966.4166666666633
0.0,0.0,0.0,100.0,33.333333333333336,150.06666666666655,886.4444888888883,0.3062041835729831,129258.19444444444,3674.749999999998
0.0,0.0,0.0,100.0,66.66666666666667,116.73333333333328,814.177822222222,0.25747315223490996,160244.30555555556,3383.083333333332
0.0,0.0,0.0,100.0,100.0,83.39999999999999,786.3556,0.24635042745092844,191230.41666666666,3091.4166666666665
0.0,0.0,33.333333333333336,0.0,0.0,250.06666666666632,1245.4667111111087,0.7578233888561965,105660.97222222222,4966.416666666661
0.0,0.0,33.333333333333336,0.0,33.333333333333336,216.733333333333,1084.3111555555536,0.5070134432869602,136647.08333333334,4674.7499999999945
0.0,0.0,33.333333333333336,0.0,66.66666666666667,183.39999999999975,967.600044444443,0.3783299649932004,167633.19444444444,4383.0833333333285
0.0,0.0,33.333333333333336,0.0,100.0,150.0666666666665,895.3333777777768,0.31864330044523154,198619.30555555556,4091.416666666664
0.0,0.0,33.333333333333336,33.333333333333336,0.0,216.73333333333306,1087.644488888887,0.5078534356947264,136647.08333333334,4674.7499999999945
0.0,0.0,33.333333333333336,33.333333333333336,33.333333333333336,183.39999999999978,948.7111555555542,0.3670461527026275,167633.19444444447,4383.083333333329
0.0,0.0,33.333333333333336,33.333333333333336,66.66666666666667,150.06666666666652,854.222266666666,0.2896636231241473,198619.30555555556,4091.416666666664
0.0,0.0,33.333333333333336,33.333333333333336,100.0,116.73333333333325,804.1778222222218,0.2586284568165855,229605.4166666667,3799.749999999998
0.0,0.0,33.333333333333336,66.66666666666667,0.0,183.39999999999975,960.9333777777763,0.37825659963820396,167633.19444444444,4383.0833333333285
0.0,0.0,33.333333333333336,66.66666666666667,33.333333333333336,150.06666666666652,844.222266666666,0.28875026536138493,198619.30555555556,4091.416666666664
0.0,0.0,33.333333333333336,66.66666666666667,66.66666666666667,116.73333333333325,771.9555999999995,0.24001923402331182,229605.41666666666,3799.7499999999986
0.0,0.0,33.333333333333336,66.66666666666667,100.0,83.39999999999998,744.1333777777777,0.22889650923933033,260591.52777777775,3508.0833333333326
0.0,0.0,33.333333333333336,100.0,0.0,150.06666666666655,865.3333777777772,0.31273291881342996,198619.30555555556,4091.4166666666647
0.0,0.0,33.333333333333336,100.0,33.333333333333336,116.73333333333328,770.8444888888886,0.25187808277701784,229605.4166666667,3799.749999999999
0.0,0.0,33.333333333333336,100.0,66.66666666666667,83.40000000000002,720.8000444444446,0.22305949296252503,260591.52777777778,3508.083333333334
0.0,0.0,33.333333333333336,100.0,100.0,50.066666666666734,715.2000444444446,0.22847733485753804,291577.6388888889,3216.416666666668
0.0,0.0,66.66666666666667,0.0,0.0,216.733333333333,1076.5333777777757,0.5228496892636658,206008.19444444444,5091.416666666661
0.0,0.0,66.66666666666667,0.0,33.333333333333336,183.39999999999975,937.600044444443,0.38204240627156705,236994.30555555556,4799.749999999995
0.0,0.0,66.66666666666667,0.0,66.66666666666667,150.06666666666652,843.1111555555549,0.3046598766930869,267980.4166666667,4508.08333333333
0.0,0.0,66.66666666666667,0.0,100.0,116.73333333333322,793.0667111111106,0.2736247103855251,298966.52777777775,4216.416666666664
0.0,0.0,66.66666666666667,33.333333333333336,0.0,183.39999999999975,940.9333777777763,0.38288239867933294,236994.30555555556,4799.749999999995
0.0,0.0,66.66666666666667,33.333333333333336,33.333333333333336,150.0666666666665,824.2222666666657,0.29337606440251385,267980.4166666667,4508.08333333333
0.0,0.0,66.66666666666667,33.333333333333336,66.66666666666667,116.73333333333323,751.9555999999995,0.2446450330644408,298966.5277777778,4216.416666666665
0.0,0.0,66.66666666666667,33.333333333333336,100.0,83.39999999999998,724.1333777777777,0.23352230828045933,329952.6388888889,3924.7499999999995
0.0,0.0,66.66666666666667,66.66666666666667,0.0,150.0666666666665,836.4444888888879,0.30458651133809045,267980.4166666667,4508.08333333333
0.0,0.0,66.66666666666667,66.66666666666667,33.333333333333336,116.73333333333323,741.9555999999995,0.2437316753016785,298966.5277777778,4216.416666666665
0.0,0.0,66.66666666666667,66.66666666666667,66.66666666666667,83.39999999999998,691.9111555555555,0.21491308548718568,329952.63888888893,3924.7499999999995
0.0,0.0,66.66666666666667,66.66666666666667,100.0,50.0666666666667,686.3111555555556,0.2203309273821987,360938.75,3633.0833333333335
0.0,0.0,66.66666666666667,100.0,0.0,116.73333333333323,763.0667111111107,0.2677143287537234,298966.52777777775,4216.416666666665
0.0,0.0,66.66666666666667,100.0,33.333333333333336,83.39999999999998,690.8000444444444,0.22677193424089168,329952.6388888889,3924.7499999999995
0.0,0.0,66.66666666666667,100.0,66.66666666666667,50.06666666666671,662.9778222222224,0.21449391110539337,360938.75,3633.083333333334
0.0,0.0,66.66666666666667,100.0,100.0,16.733333333333434,679.6000444444447,0.23515131656934452,391924.86111111107,3341.4166666666683
0.0,0.0,100.0,0.0,0.0,183.3999999999997,943.1555999999982,0.4088886720606215,306355.4166666666,5216.416666666661
0.0,0.0,100.0,0.0,33.333333333333336,150.06666666666644,826.4444888888877,0.3193823377838025,337341.52777777775,4924.749999999996
0.0,0.0,100.0,0.0,66.66666666666667,116.7333333333332,754.1778222222217,0.27065130644572943,368327.6388888889,4633.08333333333
0.0,0.0,100.0,0.0,100.0,83.3999999999999,726.3555999999996,0.25952858166174797,399313.74999999994,4341.416666666664
0.0,0.0,100.0,33.333333333333336,0.0,150.06666666666646,829.7778222222213,0.3202223301915685,337341.52777777775,4924.749999999996
0.0,0.0,100.0,33.333333333333336,33.333333333333336,116.73333333333319,735.2889333333328,0.2593674941551565,368327.6388888889,4633.08333333333
0.0,0.0,100.0,33.333333333333336,66.66666666666667,83.39999999999993,685.2444888888887,0.2305489043406637,399313.75,4341.416666666665
0.0,0.0,100.0,33.333333333333336,100.0,50.06666666666666,679.6444888888889,0.2359667462356767,430299.86111111107,4049.75
0.0,0.0,100.0,66.66666666666667,0.0,116.7333333333332,747.511155555555,0.2705779410907331,368327.6388888889,4633.08333333333
0.0,0.0,100.0,66.66666666666667,33.333333333333336,83.39999999999993,675.2444888888887,0.22963554657790136,399313.75,4341.416666666665
0.0,0.0,100.0,66.66666666666667,66.66666666666667,50.066666666666684,647.4222666666667,0.21735752344240306,430299.8611111111,4049.75
0.0,0.0,100.0,66.66666666666667,100.0,16.733333333333405,664.0444888888891,0.23801492890635423,461285.9722222222,3758.083333333334
0.0,0.0,100.0,100.0,0.0,83.39999999999993,696.3555999999998,0.2536182000299463,399313.74999999994,4341.416666666664
0.0,0.0,100.0,100.0,33.333333333333336,50.06666666666666,646.3111555555555,0.22921637219610907,430299.86111111107,4049.749999999999
0.0,0.0,100.0,100.0,66.66666666666667,16.73333333333342,640.7111555555558,0.2321779126295489,461285.9722222222,3758.0833333333344
0.0,33.333333333333336,0.0,0.0,0.0,250.0666666666663,1269.9111555555533,0.7521346460235157,5313.749999999993,4841.41666666666
0.0,33.333333333333336,0.0,0.0,33.333333333333336,216.73333333333304,1108.7555999999981,0.5013247004542796,36299.86111111111,4549.7499999999945
0.0,33.333333333333336,0.0,0.0,66.66666666666667,183.39999999999978,992.0444888888876,0.37264122216051965,67285.97222222222,4258.083333333329
0.0,33.333333333333336,0.0,0.0,100.0,150.06666666666646,919.7778222222213,0.31295455761255064,98272.08333333333,3966.416666666663
0.0,33.333333333333336,0.0,33.333333333333336,0.0,216.733333333333,1112.0889333333312,0.5021646928620453,36299.86111111111,4549.7499999999945
0.0,33.333333333333336,0.0,33.333333333333336,33.333333333333336,183.39999999999978,973.1555999999987,0.36135740986994663,67285.97222222222,4258.083333333329
0.0,33.333333333333336,0.0,33.333333333333336,66.66666666666667,150.0666666666665,878.6667111111102,0.28397488029146634,98272.08333333334,3966.416666666664
0.0,33.333333333333336,0.0,33.333333333333336,100.0,116.73333333333325,828.6222666666663,0.2529397139839046,129258.19444444444,3674.749999999998
0.0,33.333333333333336,0.0,66.66666666666667,0.0,183.39999999999978,985.3778222222209,0.3725678568055232,67285.97222222222,4258.083333333329
0.0,33.333333333333336,0.0,66.66666666666667,33.333333333333336,150.06666666666652,868.6667111111104,0.2830615225287041,98272.08333333334,3966.416666666664
0.0,33.333333333333336,0.0,66.66666666666667,66.66666666666667,116.73333333333328,796.4000444444441,0.23433049119063099,129258.19444444445,3674.749999999999
0.0,33.333333333333336,0.0,66.66666666666667,100.0,83.39999999999998,768.577822222222,0.22320776640664947,160244.30555555556,3383.083333333333
0.0,33.333333333333336,0.0,100.0,0.0,150.0666666666665,889.7778222222213,0.30704417598074896,98272.08333333333,3966.416666666664
0.0,33.333333333333336,0.0,100.0,33.333333333333336,116.73333333333325,795.2889333333329,0.24618933994433695,129258.19444444444,3674.7499999999986
0.0,33.333333333333336,0.0,100.0,66.66666666666667,83.4,745.244488888889,0.21737075012984414,160244.30555555556,3383.0833333333335
0.0,33.333333333333336,0.0,100.0,100.0,50.06666666666673,739.6444888888891,0.22278859202485715,191230.41666666666,3091.416666666668
0.0,33.333333333333336,33.333333333333336,0.0,0.0,216.733333333333,1087.6444888888868,0.5078534356947262,105660.97222222222,4966.416666666661
0.0,33.333333333333336,33.333333333333336,0.0,33.333333333333336,183.39999999999972,948.711155555554,0.3670461527026273,136647.08333333334,4674.749999999995
0.0,33.333333333333336,33.333333333333336,0.0,66.66666666666667,150.0666666666665,854.2222666666657,0.28966362312414723,167633.19444444444,4383.08333333333
0.0,33.333333333333336,33.333333333333336,0.0,100.0,116.73333333333323,804.1778222222218,0.2586284568165855,198619.30555555556,4091.416666666665
0.0,33.333333333333336,33.333333333333336,33.333333333333336,0.0,183.39999999999972,952.0444888888874,0.36788614511039325,136647.08333333334,4674.749999999995
0.0,33.333333333333336,33.333333333333336,33.333333333333336,33.333333333333336,150.0666666666665,835.3333777777768,0.2783798108335742,167633.19444444447,4383.08333333333
0.0,33.333333333333336,33.333333333333336,33.333333333333336,66.66666666666667,116.73333333333322,763.0667111111106,0.22964877949550117,198619.30555555556,4091.4166666666647
0.0,33.333333333333336,33.333333333333336,33.333333333333336,100.0,83.39999999999993,735.2444888888887,0.21852605471151967,229605.4166666667,3799.7499999999986
0.0,33.333333333333336,33.333333333333336,66.66666666666667,0.0,150.0666666666665,847.555599999999,0.2895902577691508,167633.19444444444,4383.08333333333
0.0,33.333333333333336,33.333333333333336,66.66666666666667,33.333333333333336,116.73333333333319,753.0667111111106,0.22873542173273878,198619.30555555556,4091.4166666666642
0.0,33.333333333333336,33.333333333333336,66.66666666666667,66.66666666666667,83.39999999999995,703.0222666666665,0.199916831918246,229605.41666666666,3799.749999999999
0.0,33.333333333333336,33.333333333333336,66.66666666666667,100.0,50.06666666666668,697.4222666666667,0.20533467381325904,260591.52777777775,3508.083333333333
0.0,33.333333333333336,33.333333333333336,100.0,0.0,116.73333333333323,774.1778222222218,0.25271807518478373,198619.30555555556,4091.416666666665
0.0,33.333333333333336,33.333333333333336,100.0,33.333333333333336,83.39999999999995,701.9111555555553,0.211775680671952,229605.4166666667,3799.749999999999
0.0,33.333333333333336,33.333333333333336,100.0,66.66666666666667,50.06666666666669,674.0889333333334,0.1994976575364537,260591.52777777778,3508.083333333334
0.0,33.333333333333336,33.333333333333336,100.0,100.0,16.733333333333423,690.7111555555558,0.22015506300040485,291577.6388888889,3216.4166666666683
0.0,33.333333333333336,66.66666666666667,0.0,0.0,183.3999999999997,940.9333777777761,0.3828823986793328,206008.19444444444,5091.416666666661
0.0,33.333333333333336,66.66666666666667,0.0,33.333333333333336,150.06666666666644,824.2222666666655,0.2933760644025138,236994.30555555556,4799.749999999996
0.0,33.333333333333336,66.66666666666667,0.0,66.66666666666667,116.7333333333332,751.9555999999994,0.24464503306444077,267980.4166666667,4508.083333333331
0.0,33.333333333333336,66.66666666666667,0.0,100.0,83.39999999999992,724.1333777777775,0.23352230828045928,298966.52777777775,4216.416666666666
0.0,33.333333333333336,66.66666666666667,33.333333333333336,0.0,150.06666666666644,827.5555999999988,0.29421605681027974,236994.30555555556,4799.749999999996
0.0,33.333333333333336,66.66666666666667,33.333333333333336,33.333333333333336,116.7333333333332,733.0667111111106,0.2333612207738678,267980.4166666667,4508.083333333331
0.0,33.333333333333336,66.66666666666667,33.333333333333336,66.66666666666667,83.39999999999992,683.0222666666664,0.20454263095937497,298966.5277777778,4216.416666666666
0.0,33.333333333333336,66.66666666666667,33.333333333333336,100.0,50.06666666666667,677.4222666666667,0.20996047285438801,329952.6388888889,3924.75
0.0,33.333333333333336,66.66666666666667,66.66666666666667,0.0,116.73333333333323,745.2889333333329,0.24457166770944444,267980.4166666667,4508.083333333332
0.0,33.333333333333336,66.66666666666667,66.66666666666667,33.333333333333336,83.39999999999993,673.0222666666664,0.20362927319661267,298966.5277777778,4216.416666666666
0.0,33.333333333333336,66.66666666666667,66.66666666666667,66.66666666666667,50.06666666666668,645.2000444444445,0.19135125006111436,329952.63888888893,3924.7500000000005
0.0,33.333333333333336,66.66666666666667,66.66666666666667,100.0,16.733333333333427,661.8222666666669,0.21200865552506554,360938.75,3633.0833333333353
0.0,33.333333333333336,66.66666666666667,100.0,0.0,83.39999999999992,694.1333777777775,0.22761192664865756,298966.52777777775,4216.416666666666
0.0,33.333333333333336,66.66666666666667,100.0,33.333333333333336,50.06666666666666,644.0889333333333,0.20321009881482038,329952.6388888889,3924.75
0.0,33.333333333333336,66.66666666666667,100.0,66.66666666666667,16.733333333333412,638.4889333333334,0.2061716392482602,360938.75,3633.083333333335
0.0,33.333333333333336,100.0,0.0,0.0,150.06666666666644,829.7778222222211,0.3202223301915684,306355.4166666666,5216.416666666662
0.0,33.333333333333336,100.0,0.0,33.333333333333336,116.73333333333314,735.2889333333325,0.25936749415515636,337341.52777777775,4924.749999999996
0.0,33.333333333333336,100.0,0.0,66.66666666666667,83.39999999999989,685.2444888888886,0.23054890434066366,368327.6388888889,4633.083333333331
0.0,33.333333333333336,100.0,0.0,100.0,50.06666666666662,679.6444888888888,0.2359667462356767,399313.74999999994,4341.416666666665
0.0,33.333333333333336,100.0,33.333333333333336,0.0,116.73333333333318,738.6222666666661,0.26020748656292236,337341.52777777775,4924.749999999997
0.0,33.333333333333336,100.0,33.333333333333336,33.333333333333336,83.39999999999989,666.3555999999996,0.21926509205009068,368327.6388888889,4633.083333333331
0.0,33.333333333333336,100.0,33.333333333333336,66.66666666666667,50.06666666666665,638.5333777777778,0.2069870689145924,399313.75,4341.416666666666
0.0,33.333333333333336,100.0,33.333333333333336,100.0,16.733333333333377,655.1556000000002,0.22764447437854357,430299.86111111107,4049.7500000000005
0.0,33.333333333333336,100.0,66.66666666666667,0.0,83.39999999999989,678.5778222222218,0.23047553898566728,368327.6388888889,4633.083333333331
0.0,33.333333333333336,100.0,66.66666666666667,33.333333333333336,50.066666666666634,628.5333777777778,0.20607371115183007,399313.75,4341.416666666666
0.0,33.333333333333336,100.0,66.66666666666667,66.66666666666667,16.73333333333338,622.933377777778,0.20903525158526992,430299.8611111111,4049.7500000000005
0.0,33.333333333333336,100.0,100.0,0.0,50.06666666666665,649.6444888888889,0.23005636460387502,399313.74999999994,4341.416666666666
0.0,33.333333333333336,100.0,100.0,33.333333333333336,16.733333333333384,621.8222666666668,0.22089410033897594,430299.86111111107,4049.75
0.0,66.66666666666667,0.0,0.0,0.0,216.733333333333,1120.97782222222,0.512535147389856,5313.749999999994,4841.416666666661
0.0,66.66666666666667,0.0,0.0,33.333333333333336,183.3999999999997,982.0444888888871,0.37172786439775707,36299.8611111111,4549.7499999999945
0.0,66.66666666666667,0.0,0.0,66.66666666666667,150.06666666666644,887.5555999999988,0.29434533481927694,67285.97222222222,4258.083333333329
0.0,66.66666666666667,0.0,0.0,100.0,116.73333333333319,837.511155555555,0.2633101685117152,98272.08333333333,3966.4166666666642
0.0,66.66666666666667,0.0,33.333333333333336,0.0,183.3999999999997,985.3778222222204,0.37256785680552296,36299.8611111111,4549.7499999999945
0.0,66.66666666666667,0.0,33.333333333333336,33.333333333333336,150.06666666666644,868.66671111111,0.283061522528704,67285.97222222222,4258.083333333329
0.0,66.66666666666667,0.0,33.333333333333336,66.66666666666667,116.73333333333318,796.4000444444438,0.23433049119063087,98272.08333333334,3966.4166666666642
0.0,66.66666666666667,0.0,33.333333333333336,100.0,83.3999999999999,768.5778222222218,0.2232077664066494,129258.19444444444,3674.749999999998
0.0,66.66666666666667,0.0,66.66666666666667,0.0,150.06666666666646,880.8889333333324,0.2942719694642806,67285.97222222222,4258.083333333329
0.0,66.66666666666667,0.0,66.66666666666667,33.333333333333336,116.73333333333318,786.4000444444437,0.23341713342786855,98272.08333333334,3966.4166666666642
0.0,66.66666666666667,0.0,66.66666666666667,66.66666666666667,83.39999999999989,736.3555999999996,0.20459854361337576,129258.19444444445,3674.749999999998
0.0,66.66666666666667,0.0,66.66666666666667,100.0,50.06666666666664,730.7556,0.2100163855083888,160244.30555555556,3383.0833333333326
0.0,66.66666666666667,0.0,100.0,0.0,116.73333333333318,807.5111555555549,0.2573997868799135,98272.08333333333,3966.4166666666642
0.0,66.66666666666667,0.0,100.0,33.333333333333336,83.39999999999993,735.2444888888887,0.21645739236708178,129258.19444444444,3674.7499999999986
0.0,66.66666666666667,0.0,100.0,66.66666666666667,50.06666666666668,707.4222666666667,0.20417936923158347,160244.30555555556,3383.0833333333335
0.0,66.66666666666667,0.0,100.0,100.0,16.733333333333402,724.0444888888891,0.22483677469553465,191230.41666666666,3091.416666666668
0.0,66.66666666666667,33.333333333333336,0.0,0.0,183.39999999999975,960.9333777777763,0.378256599638204,105660.97222222222,4966.416666666662
0.0,66.66666666666667,33.333333333333336,0.0,33.333333333333336,150.06666666666644,844.2222666666655,0.2887502653613848,136647.08333333334,4674.749999999996
0.0,66.66666666666667,33.333333333333336,0.0,66.66666666666667,116.73333333333315,771.9555999999993,0.24001923402331174,167633.19444444444,4383.08333333333
0.0,66.66666666666667,33.333333333333336,0.0,100.0,83.3999999999999,744.1333777777775,0.2288965092393303,198619.30555555556,4091.416666666665
0.0,66.66666666666667,33.333333333333336,33.333333333333336,0.0,150.06666666666644,847.5555999999988,0.28959025776915076,136647.08333333334,4674.749999999996
0.0,66.66666666666667,33.333333333333336,33.333333333333336,33.333333333333336,116.73333333333315,753.0667111111104,0.22873542173273875,167633.19444444447,4383.08333333333
0.0,66.66666666666667,33.333333333333336,33.333333333333336,66.66666666666667,83.3999999999999,703.0222666666664,0.199916831918246,198619.30555555556,4091.416666666665
0.0,66.66666666666667,33.333333333333336,33.333333333333336,100.0,50.066666666666634,697.4222666666665,0.20533467381325904,229605.4166666667,3799.749999999999
0.0,66.66666666666667,33.333333333333336,66.66666666666667,0.0,116.73333333333315,765.2889333333326,0.23994586866831533,167633.19444444444,4383.08333333333
0.0,66.66666666666667,33.333333333333336,66.66666666666667,33.333333333333336,83.39999999999989,693.0222666666663,0.19900347415548364,198619.30555555556,4091.416666666665
0.0,66.66666666666667,33.333333333333336,66.66666666666667,66.66666666666667,50.066666666666634,665.2000444444443,0.18672545101998536,229605.41666666666,3799.75
0.0,66.66666666666667,33.333333333333336,66.66666666666667,100.0,16.733333333333384,681.8222666666668,0.20738285648393656,260591.52777777775,3508.083333333335
0.0,66.66666666666667,33.333333333333336,100.0,0.0,83.3999999999999,714.1333777777775,0.22298612760752856,198619.30555555556,4091.416666666665
0.0,66.66666666666667,33.333333333333336,100.0,33.333333333333336,50.06666666666665,664.0889333333333,0.19858429977369135,229605.4166666667,3799.75
0.0,66.66666666666667,33.333333333333336,100.0,66.66666666666667,16.73333333333338,658.4889333333334,0.20154584020713123,260591.52777777778,3508.0833333333344
0.0,66.66666666666667,66.66666666666667,0.0,0.0,150.06666666666638,836.4444888888875,0.3045865113380903,206008.19444444444,5091.4166666666615
0.0,66.66666666666667,66.66666666666667,0.0,33.333333333333336,116.73333333333312,741.955599999999,0.24373167530167833,236994.30555555556,4799.749999999996
0.0,66.66666666666667,66.66666666666667,0.0,66.66666666666667,83.39999999999986,691.9111555555551,0.2149130854871856,267980.4166666667,4508.083333333331
0.0,66.66666666666667,66.66666666666667,0.0,100.0,50.06666666666661,686.3111555555554,0.22033092738219867,298966.52777777775,4216.416666666666
0.0,66.66666666666667,66.66666666666667,33.333333333333336,0.0,116.73333333333312,745.2889333333324,0.24457166770944427,236994.30555555556,4799.749999999996
0.0,66.66666666666667,66.66666666666667,33.333333333333336,33.333333333333336,83.39999999999984,673.022266666666,0.20362927319661264,267980.4166666667,4508.08333333333
0.0,66.66666666666667,66.66666666666667,33.333333333333336,66.66666666666667,50.06666666666659,645.2000444444442,0.19135125006111436,298966.5277777778,4216.416666666666
0.0,66.66666666666667,66.66666666666667,33.333333333333336,100.0,16.733333333333327,661.8222666666667,0.21200865552506556,329952.6388888889,3924.7499999999995
0.0,66.66666666666667,66.66666666666667,66.66666666666667,0.0,83.39999999999986,685.2444888888883,0.21483972013218922,267980.4166666667,4508.083333333331
0.0,66.66666666666667,66.66666666666667,66.66666666666667,33.333333333333336,50.0666666666666,635.2000444444443,0.19043789229835204,298966.5277777778,4216.416666666666
0.0,66.66666666666667,66.66666666666667,66.66666666666667,66.66666666666667,16.73333333333334,629.6000444444444,0.19339943273179191,329952.63888888893,3924.7500000000005
0.0,66.66666666666667,66.66666666666667,100.0,0.0,50.06666666666661,656.3111555555554,0.21442054575039696,298966.52777777775,4216.416666666666
0.0,66.66666666666667,66.66666666666667,100.0,33.333333333333336,16.73333333333334,628.4889333333333,0.2052582814854979,329952.6388888889,3924.7500000000005
0.0,66.66666666666667,100.0,0.0,0.0,116.73333333333309,747.5111555555545,0.27057794109073297,306355.4166666666,5216.416666666662
0.0,66.66666666666667,100.0,0.0,33.333333333333336,83.39999999999982,675.2444888888883,0.22963554657790128,337341.52777777775,4924.749999999996
0.0,66.66666666666667,100.0,0.0,66.66666666666667,50.06666666666657,647.4222666666664,0.21735752344240306,368327.6388888889,4633.083333333331
0.0,66.66666666666667,100.0,0.0,100.0,16.7333333333333,664.0444888888888,0.23801492890635426,399313.74999999994,4341.416666666665
0.0,66.66666666666667,100.0,33.333333333333336,0.0,83.39999999999984,678.5778222222216,0.23047553898566725,337341.52777777775,4924.749999999996
0.0,66.66666666666667,100.0,33.333333333333336,33.333333333333336,50.06666666666658,628.5333777777776,0.20607371115183007,368327.6388888889,4633.083333333331
0.0,66.66666666666667,100.0,33.333333333333336,66.66666666666667,16.733333333333313,622.9333777777778,0.20903525158526995,399313.75,4341.416666666666
0.0,66.66666666666667,100.0,66.66666666666667,0.0,50.066666666666556,640.7555999999997,0.21728415808740667,368327.6388888889,4633.083333333331
0.0,66.66666666666667,100.0,66.66666666666667,33.333333333333336,16.73333333333331,612.9333777777777,0.20812189382250762,399313.75,4341.416666666666
0.0,66.66666666666667,100.0,100.0,0.0,16.733333333333313,634.0444888888888,0.23210454727455254,399313.74999999994,4341.416666666665
0.0,100.0,0.0,0.0,0.0,183.3999999999997,1003.1555999999982,0.39571051784980193,5313.7499999999945,4841.416666666661
0.0,100.0,0.0,0.0,33.333333333333336,150.0666666666664,886.4444888888876,0.3062041835729829,36299.8611111111,4549.749999999995
0.0,100.0,0.0,0.0,66.66666666666667,116.73333333333309,814.1778222222212,0.25747315223490974,67285.97222222222,4258.0833333333285
0.0,100.0,0.0,0.0,100.0,83.39999999999986,786.3555999999995,0.24635042745092836,98272.08333333333,3966.4166666666642
0.0,100.0,0.0,33.333333333333336,0.0,150.06666666666644,889.7778222222211,0.30704417598074885,36299.8611111111,4549.749999999996
0.0,100.0,0.0,33.333333333333336,33.333333333333336,116.73333333333314,795.2889333333325,0.24618933994433678,67285.97222222222,4258.083333333329
0.0,100.0,0.0,33.333333333333336,66.66666666666667,83.39999999999988,745.2444888888884,0.21737075012984408,98272.08333333334,3966.4166666666642
0.0,100.0,0.0,33.333333333333336,100.0,50.066666666666606,739.6444888888888,0.22278859202485712,129258.19444444444,3674.7499999999986
0.0,100.0,0.0,66.66666666666667,0.0,116.73333333333312,807.5111555555545,0.2573997868799134,67285.97222222222,4258.083333333329
0.0,100.0,0.0,66.66666666666667,33.333333333333336,83.39999999999988,735.2444888888884,0.21645739236708172,98272.08333333334,3966.4166666666642
0.0,100.0,0.0,66.66666666666667,66.66666666666667,50.06666666666662,707.4222666666665,0.20417936923158347,129258.19444444445,3674.749999999999
0.0,100.0,0.0,66.66666666666667,100.0,16.73333333333334,724.044488888889,0.22483677469553467,160244.30555555556,3383.083333333333
0.0,100.0,0.0,100.0,0.0,83.3999999999999,756.3555999999996,0.24044004581912667,98272.08333333333,3966.416666666665
0.0,100.0,0.0,100.0,33.333333333333336,50.06666666666662,706.3111555555554,0.21603821798528947,129258.19444444444,3674.749999999999
0.0,100.0,0.0,100.0,66.66666666666667,16.733333333333366,700.7111555555556,0.21899975841872932,160244.30555555556,3383.083333333334
0.0,100.0,33.333333333333336,0.0,0.0,150.06666666666644,865.3333777777766,0.31273291881342974,105660.97222222222,4966.416666666662
0.0,100.0,33.333333333333336,0.0,33.333333333333336,116.73333333333309,770.8444888888878,0.2518780827770177,136647.08333333334,4674.749999999996
0.0,100.0,33.333333333333336,0.0,66.66666666666667,83.39999999999986,720.800044444444,0.22305949296252495,167633.19444444444,4383.083333333331
0.0,100.0,33.333333333333336,0.0,100.0,50.06666666666658,715.2000444444442,0.22847733485753802,198619.30555555556,4091.416666666665
0.0,100.0,33.333333333333336,33.333333333333336,0.0,116.73333333333312,774.1778222222213,0.2527180751847836,136647.08333333334,4674.749999999996
0.0,100.0,33.333333333333336,33.333333333333336,33.333333333333336,83.39999999999984,701.911155555555,0.21177568067195196,167633.19444444447,4383.08333333333
0.0,100.0,33.333333333333336,33.333333333333336,66.66666666666667,50.066666666666585,674.0889333333331,0.1994976575364537,198619.30555555556,4091.416666666665
0.0,100.0,33.333333333333336,33.333333333333336,100.0,16.73333333333332,690.7111555555555,0.2201550630004049,229605.4166666667,3799.7499999999995
0.0,100.0,33.333333333333336,66.66666666666667,0.0,83.39999999999986,714.1333777777772,0.22298612760752853,167633.19444444444,4383.083333333331
0.0,100.0,33.333333333333336,66.66666666666667,33.333333333333336,50.06666666666659,664.0889333333331,0.19858429977369135,198619.30555555556,4091.4166666666656
0.0,100.0,33.333333333333336,66.66666666666667,66.66666666666667,16.733333333333327,658.4889333333333,0.20154584020713123,229605.41666666666,3799.75
0.0,100.0,33.333333333333336,100.0,0.0,50.066666666666606,685.2000444444443,0.2225669532257363,198619.30555555556,4091.4166666666656
0.0,100.0,33.333333333333336,100.0,33.333333333333336,16.733333333333334,657.3778222222222,0.21340468896083725,229605.4166666667,3799.75
0.0,100.0,66.66666666666667,0.0,0.0,116.73333333333309,763.0667111111101,0.26771432875372325,206008.19444444444,5091.416666666662
0.0,100.0,66.66666666666667,0.0,33.333333333333336,83.39999999999984,690.8000444444439,0.2267719342408916,236994.30555555556,4799.749999999997
0.0,100.0,66.66666666666667,0.0,66.66666666666667,50.06666666666656,662.9778222222219,0.21449391110539334,267980.4166666667,4508.083333333332
0.0,100.0,66.66666666666667,0.0,100.0,16.733333333333274,679.6000444444444,0.23515131656934457,298966.52777777775,4216.416666666666
0.0,100.0,66.66666666666667,33.333333333333336,0.0,83.3999999999998,694.1333777777771,0.2276119266486575,236994.30555555556,4799.749999999996
0.0,100.0,66.66666666666667,33.333333333333336,33.333333333333336,50.06666666666656,644.088933333333,0.20321009881482036,267980.4166666667,4508.083333333332
0.0,100.0,66.66666666666667,33.333333333333336,66.66666666666667,16.73333333333329,638.4889333333333,0.20617163924826026,298966.5277777778,4216.416666666666
0.0,100.0,66.66666666666667,66.66666666666667,0.0,50.06666666666655,656.3111555555552,0.21442054575039693,267980.4166666667,4508.083333333331
0.0,100.0,66.66666666666667,66.66666666666667,33.333333333333336,16.733333333333295,628.4889333333333,0.2052582814854979,298966.5277777778,4216.416666666666
0.0,100.0,66.66666666666667,100.0,0.0,16.733333333333313,649.6000444444444,0.22924093493754283,298966.52777777775,4216.416666666666
0.0,100.0,100.0,0.0,0.0,83.3999999999998,696.3555999999993,0.25361820002994623,306355.4166666666,5216.416666666662
0.0,100.0,100.0,0.0,33.333333333333336,50.066666666666535,646.3111555555552,0.22921637219610905,337341.52777777775,4924.749999999997
0.0,100.0,100.0,0.0,66.66666666666667,16.733333333333274,640.7111555555555,0.23217791262954895,368327.6388888889,4633.083333333332
0.0,100.0,100.0,33.333333333333336,0.0,50.06666666666654,649.6444888888885,0.230056364603875,337341.52777777775,4924.749999999997
0.0,100.0,100.0,33.333333333333336,33.333333333333336,16.73333333333327,621.8222666666666,0.22089410033897597,368327.6388888889,4633.083333333332
0.0,100.0,100.0,66.66666666666667,0.0,16.733333333333285,634.0444888888888,0.23210454727455257,368327.6388888889,4633.083333333332
46.666666666666664,0.0,0.0,0.0,0.0,236.7333333333329,1210.026711111108,0.6490156257585034,176910.9722222222,5090.3055555555475
46.666666666666664,0.0,0.0,0.0,33.333333333333336,203.3999999999997,1057.7600444444429,0.4532738195333393,207897.0833333333,4798.638888888883
46.666666666666664,0.0,0.0,0.0,66.66666666666667,170.0666666666664,949.9378222222208,0.34938083713402657,238883.1944444444,4506.972222222217
46.666666666666664,0.0,0.0,0.0,100.0,136.73333333333315,886.5600444444435,0.30280235222953605,269869.3055555555,4215.305555555552
46.666666666666664,0.0,0.0,33.333333333333336,0.0,203.39999999999964,1061.0933777777755,0.45411381194110484,207897.0833333333,4798.638888888882
46.666666666666664,0.0,0.0,33.333333333333336,33.333333333333336,170.06666666666644,931.0489333333321,0.3380970248434536,238883.19444444444,4506.972222222218
46.666666666666664,0.0,0.0,33.333333333333336,66.66666666666667,136.73333333333318,845.4489333333327,0.2738226749084518,269869.30555555556,4215.305555555553
46.666666666666664,0.0,0.0,33.333333333333336,100.0,103.39999999999992,804.2933777777774,0.25138818708382643,300855.4166666666,3923.638888888887
46.666666666666664,0.0,0.0,66.66666666666667,0.0,170.06666666666644,943.2711555555543,0.3493074717790302,238883.1944444444,4506.972222222218
46.666666666666664,0.0,0.0,66.66666666666667,33.333333333333336,136.73333333333318,835.4489333333327,0.27290931714568945,269869.3055555555,4215.305555555553
46.666666666666664,0.0,0.0,66.66666666666667,66.66666666666667,103.39999999999989,772.0711555555552,0.23277896429055278,300855.4166666666,3923.638888888887
46.666666666666664,0.0,0.0,66.66666666666667,100.0,70.06666666666663,753.137822222222,0.22851774518543289,331841.52777777775,3631.9722222222217
46.666666666666664,0.0,0.0,100.0,0.0,136.73333333333318,856.5600444444437,0.29689197059773437,269869.3055555555,4215.305555555553
46.666666666666664,0.0,0.0,100.0,33.333333333333336,103.3999999999999,770.9600444444441,0.24463781304425875,300855.4166666666,3923.638888888887
46.666666666666664,0.0,0.0,100.0,66.66666666666667,70.06666666666662,729.8044888888887,0.22268072890862753,331841.52777777775,3631.972222222221
46.666666666666664,0.0,0.0,100.0,100.0,36.73333333333337,733.0933777777778,0.234289034604818,362827.6388888888,3340.3055555555557
46.666666666666664,0.0,33.333333333333336,0.0,0.0,203.39999999999964,1036.6489333333311,0.45980255477378573,277258.1944444444,5215.305555555549
46.666666666666664,0.0,33.333333333333336,0.0,33.333333333333336,170.06666666666638,906.6044888888873,0.34378576767613434,308244.3055555555,4923.638888888883
46.666666666666664,0.0,33.333333333333336,0.0,66.66666666666667,136.73333333333312,821.0044888888879,0.27951141774113264,339230.4166666666,4631.972222222218
46.666666666666664,0.0,33.333333333333336,0.0,100.0,103.39999999999986,779.8489333333328,0.25707692991650727,370216.5277777777,4340.305555555553
46.666666666666664,0.0,33.333333333333336,33.333333333333336,0.0,170.06666666666638,909.9378222222207,0.34462576008390033,308244.3055555555,4923.638888888883
46.666666666666664,0.0,33.333333333333336,33.333333333333336,33.333333333333336,136.73333333333315,802.1155999999992,0.2682276054505596,339230.4166666666,4631.972222222219
46.666666666666664,0.0,33.333333333333336,33.333333333333336,66.66666666666667,103.39999999999982,738.7378222222216,0.22809725259542293,370216.52777777775,4340.305555555552
46.666666666666664,0.0,33.333333333333336,33.333333333333336,100.0,70.0666666666666,719.8044888888887,0.2238360334903031,401202.6388888888,4048.638888888887
46.666666666666664,0.0,33.333333333333336,66.66666666666667,0.0,136.73333333333315,814.3378222222213,0.2794380523861362,339230.4166666666,4631.972222222219
46.666666666666664,0.0,33.333333333333336,66.66666666666667,33.333333333333336,103.39999999999988,728.7378222222217,0.2271838948326606,370216.52777777775,4340.305555555553
46.666666666666664,0.0,33.333333333333336,66.66666666666667,66.66666666666667,70.0666666666666,687.5822666666664,0.20522681069702942,401202.6388888889,4048.638888888888
46.666666666666664,0.0,33.333333333333336,66.66666666666667,100.0,36.733333333333334,690.8711555555554,0.2168351163932199,432188.74999999994,3756.972222222222
46.666666666666664,0.0,33.333333333333336,100.0,0.0,103.39999999999986,749.8489333333328,0.2511665482847055,370216.5277777777,4340.305555555553
46.666666666666664,0.0,33.333333333333336,100.0,33.333333333333336,70.06666666666663,686.4711555555555,0.21708565945073544,401202.6388888888,4048.6388888888882
46.666666666666664,0.0,33.333333333333336,100.0,66.66666666666667,36.733333333333334,667.5378222222222,0.2109981001164146,432188.74999999994,3756.972222222222
46.666666666666664,0.0,33.333333333333336,100.0,100.0,3.400000000000067,693.0489333333335,0.23758705479838574,463174.861111111,3465.305555555556
46.666666666666664,0.0,66.66666666666667,0.0,0.0,170.06666666666635,898.8267111111095,0.35962201365283986,377605.4166666666,5340.305555555549
46.666666666666664,0.0,66.66666666666667,0.0,33.333333333333336,136.7333333333331,791.0044888888877,0.2832238590194992,408591.52777777775,5048.638888888885
46.666666666666664,0.0,66.66666666666667,0.0,66.66666666666667,103.39999999999984,727.6267111111104,0.24309350616436257,439577.6388888889,4756.972222222219
46.666666666666664,0.0,66.66666666666667,0.0,100.0,70.06666666666658,708.6933777777774,0.23883228705924273,470563.74999999994,4465.305555555554
46.666666666666664,0.0,66.66666666666667,33.333333333333336,0.0,136.7333333333331,794.3378222222211,0.2840638514272651,408591.52777777775,5048.638888888885
46.666666666666664,0.0,66.66666666666667,33.333333333333336,33.333333333333336,103.39999999999982,708.7378222222216,0.23180969387378958,439577.6388888889,4756.972222222219
46.666666666666664,0.0,66.66666666666667,33.333333333333336,66.66666666666667,70.06666666666656,667.5822666666663,0.2098526097381584,470563.75,4465.305555555554
46.666666666666664,0.0,66.66666666666667,33.333333333333336,100.0,36.73333333333332,670.8711555555554,0.2214609154343489,501549.86111111107,4173.638888888889
46.666666666666664,0.0,66.66666666666667,66.66666666666667,0.0,103.3999999999998,720.9600444444436,0.24302014080936615,439577.6388888889,4756.972222222219
46.666666666666664,0.0,66.66666666666667,66.66666666666667,33.333333333333336,70.06666666666658,657.5822666666663,0.2089392519753961,470563.75,4465.305555555554
46.666666666666664,0.0,66.66666666666667,66.66666666666667,66.66666666666667,36.7333333333333,638.6489333333332,0.20285169264107525,501549.8611111111,4173.638888888889
46.666666666666664,0.0,66.66666666666667,66.66666666666667,100.0,3.4000000000000528,664.1600444444446,0.2294406473230464,532535.9722222222,3881.972222222223
46.666666666666664,0.0,66.66666666666667,100.0,0.0,70.06666666666658,678.6933777777774,0.232921905427441,470563.74999999994,4465.305555555554
46.666666666666664,0.0,66.66666666666667,100.0,33.333333333333336,36.73333333333332,637.5378222222222,0.21471054139478124,501549.86111111107,4173.638888888889
46.666666666666664,0.0,66.66666666666667,100.0,66.66666666666667,3.4000000000000483,640.8267111111112,0.22360363104624106,532535.9722222221,3881.9722222222226
46.666666666666664,0.0,100.0,0.0,0.0,136.73333333333306,796.5600444444432,0.3100701248085538,477952.6388888888,5465.30555555555
46.666666666666664,0.0,100.0,0.0,33.333333333333336,103.39999999999979,710.9600444444436,0.25781596725507827,508938.74999999994,5173.638888888885
46.666666666666664,0.0,100.0,0.0,66.66666666666667,70.06666666666653,669.8044888888885,0.23585888311944708,539924.861111111,4881.972222222219
46.666666666666664,0.0,100.0,0.0,100.0,36.73333333333327,673.0933777777776,0.2474671888156376,570910.9722222221,4590.305555555554
46.666666666666664,0.0,100.0,33.333333333333336,0.0,103.39999999999982,714.2933777777771,0.2586559596628442,508938.74999999994,5173.638888888885
46.666666666666664,0.0,100.0,33.333333333333336,33.333333333333336,70.06666666666655,650.9155999999996,0.22457507082887412,539924.861111111,4881.97222222222
46.666666666666664,0.0,100.0,33.333333333333336,66.66666666666667,36.73333333333328,631.9822666666665,0.21848751149455328,570910.9722222221,4590.305555555554
46.666666666666664,0.0,100.0,33.333333333333336,100.0,3.4000000000000172,657.4933777777778,0.24507646617652445,601897.0833333333,4298.638888888889
46.666666666666664,0.0,100.0,66.66666666666667,0.0,70.06666666666655,663.1378222222218,0.23578551776445072,539924.861111111,4881.97222222222
46.666666666666664,0.0,100.0,66.66666666666667,33.333333333333336,36.733333333333285,621.9822666666665,0.21757415373179095,570910.9722222221,4590.305555555555
46.666666666666664,0.0,100.0,66.66666666666667,66.66666666666667,3.400000000000014,625.2711555555557,0.2264672433832508,601897.0833333333,4298.638888888889
46.666666666666664,0.0,100.0,100.0,0.0,36.733333333333285,643.0933777777776,0.24155680718383588,570910.9722222221,4590.305555555555
46.666666666666664,0.0,100.0,100.0,33.333333333333336,3.40000000000002,624.1600444444445,0.23832609213695677,601897.0833333333,4298.638888888889
46.666666666666664,33.333333333333336,0.0,0.0,0.0,203.3999999999996,1061.0933777777755,0.45411381194110484,176910.9722222222,5090.305555555548
46.666666666666664,33.333333333333336,0.0,0.0,33.333333333333336,170.06666666666638,931.0489333333318,0.3380970248434535,207897.0833333333,4798.638888888883
46.666666666666664,33.333333333333336,0.0,0.0,66.66666666666667,136.73333333333306,845.4489333333321,0.27382267490845164,238883.1944444444,4506.972222222217
46.666666666666664,33.333333333333336,0.0,0.0,100.0,103.39999999999984,804.2933777777771,0.2513881870838263,269869.3055555555,4215.305555555553
46.666666666666664,33.333333333333336,0.0,33.333333333333336,0.0,170.06666666666638,934.3822666666651,0.33893701725121944,207897.0833333333,4798.638888888883
46.666666666666664,33.333333333333336,0.0,33.333333333333336,33.333333333333336,136.73333333333312,826.5600444444435,0.26253886261787873,238883.19444444444,4506.972222222218
46.666666666666664,33.333333333333336,0.0,33.333333333333336,66.66666666666667,103.39999999999984,763.182266666666,0.22240850976274207,269869.30555555556,4215.305555555553
46.666666666666664,33.333333333333336,0.0,33.333333333333336,100.0,70.06666666666658,744.248933333333,0.2181472906576222,300855.4166666666,3923.638888888887
46.666666666666664,33.333333333333336,0.0,66.66666666666667,0.0,136.73333333333312,838.7822666666657,0.27374930955345533,238883.1944444444,4506.972222222218
46.666666666666664,33.333333333333336,0.0,66.66666666666667,33.333333333333336,103.39999999999984,753.1822666666659,0.22149515199997974,269869.3055555555,4215.305555555553
46.666666666666664,33.333333333333336,0.0,66.66666666666667,66.66666666666667,70.06666666666658,712.0267111111108,0.19953806786434855,300855.4166666666,3923.638888888887
46.666666666666664,33.333333333333336,0.0,66.66666666666667,100.0,36.73333333333333,715.3155999999999,0.21114637356053903,331841.52777777775,3631.9722222222217
46.666666666666664,33.333333333333336,0.0,100.0,0.0,103.39999999999988,774.2933777777772,0.24547780545202466,269869.3055555555,4215.305555555553
46.666666666666664,33.333333333333336,0.0,100.0,33.333333333333336,70.06666666666658,710.9155999999997,0.21139691661805454,300855.4166666666,3923.638888888887
46.666666666666664,33.333333333333336,0.0,100.0,66.66666666666667,36.73333333333333,691.9822666666666,0.2053093572837337,331841.52777777775,3631.9722222222217
46.666666666666664,33.333333333333336,0.0,100.0,100.0,3.400000000000072,717.4933777777779,0.23189831196570485,362827.6388888888,3340.305555555556
46.666666666666664,33.333333333333336,33.333333333333336,0.0,0.0,170.06666666666632,909.9378222222203,0.3446257600839002,277258.1944444444,5215.305555555549
46.666666666666664,33.333333333333336,33.333333333333336,0.0,33.333333333333336,136.73333333333306,802.1155999999987,0.2682276054505595,308244.3055555555,4923.638888888883
46.666666666666664,33.333333333333336,33.333333333333336,0.0,66.66666666666667,103.3999999999998,738.7378222222214,0.2280972525954229,339230.4166666666,4631.972222222219
46.666666666666664,33.333333333333336,33.333333333333336,0.0,100.0,70.06666666666655,719.8044888888885,0.22383603349030307,370216.5277777777,4340.305555555553
46.666666666666664,33.333333333333336,33.333333333333336,33.333333333333336,0.0,136.7333333333331,805.4489333333322,0.26906759785832546,308244.3055555555,4923.638888888884
46.666666666666664,33.333333333333336,33.333333333333336,33.333333333333336,33.333333333333336,103.3999999999998,719.8489333333325,0.21681344030484992,339230.4166666666,4631.972222222219
46.666666666666664,33.333333333333336,33.333333333333336,33.333333333333336,66.66666666666667,70.06666666666655,678.6933777777774,0.19485635616921876,370216.52777777775,4340.305555555553
46.666666666666664,33.333333333333336,33.333333333333336,33.333333333333336,100.0,36.73333333333329,681.9822666666664,0.20646466186540927,401202.6388888888,4048.6388888888873
46.666666666666664,33.333333333333336,33.333333333333336,66.66666666666667,0.0,103.39999999999984,732.0711555555548,0.22802388724042652,339230.4166666666,4631.972222222219
46.666666666666664,33.333333333333336,33.333333333333336,66.66666666666667,33.333333333333336,70.06666666666656,668.6933777777774,0.1939429984064564,370216.52777777775,4340.305555555553
46.666666666666664,33.333333333333336,33.333333333333336,66.66666666666667,66.66666666666667,36.7333333333333,649.7600444444442,0.1878554390721356,401202.6388888889,4048.638888888888
46.666666666666664,33.333333333333336,33.333333333333336,66.66666666666667,100.0,3.400000000000029,675.2711555555555,0.21444439375410673,432188.74999999994,3756.9722222222226
46.666666666666664,33.333333333333336,33.333333333333336,100.0,0.0,70.06666666666656,689.8044888888885,0.21792565185850132,370216.5277777777,4340.305555555553
46.666666666666664,33.333333333333336,33.333333333333336,100.0,33.333333333333336,36.733333333333306,648.6489333333333,0.19971428782584158,401202.6388888888,4048.6388888888882
46.666666666666664,33.333333333333336,33.333333333333336,100.0,66.66666666666667,3.4000000000000363,651.9378222222223,0.2086073774773014,432188.74999999994,3756.9722222222226
46.666666666666664,33.333333333333336,66.66666666666667,0.0,0.0,136.73333333333304,794.3378222222209,0.28406385142726504,377605.4166666666,5340.30555555555
46.666666666666664,33.333333333333336,66.66666666666667,0.0,33.333333333333336,103.39999999999978,708.7378222222213,0.23180969387378952,408591.52777777775,5048.638888888885
46.666666666666664,33.333333333333336,66.66666666666667,0.0,66.66666666666667,70.06666666666655,667.5822666666663,0.2098526097381584,439577.6388888889,4756.97222222222
46.666666666666664,33.333333333333336,66.66666666666667,0.0,100.0,36.73333333333326,670.8711555555553,0.2214609154343489,470563.74999999994,4465.305555555554
46.666666666666664,33.333333333333336,66.66666666666667,33.333333333333336,0.0,103.39999999999982,712.0711555555549,0.23264968628155552,408591.52777777775,5048.638888888886
46.666666666666664,33.333333333333336,66.66666666666667,33.333333333333336,33.333333333333336,70.06666666666653,648.6933777777774,0.19856879744758543,439577.6388888889,4756.97222222222
46.666666666666664,33.333333333333336,66.66666666666667,33.333333333333336,66.66666666666667,36.73333333333326,629.7600444444442,0.1924812381132646,470563.75,4465.305555555555
46.666666666666664,33.333333333333336,66.66666666666667,33.333333333333336,100.0,3.400000000000003,655.2711555555557,0.21907019279523576,501549.86111111107,4173.638888888889
46.666666666666664,33.333333333333336,66.66666666666667,66.66666666666667,0.0,70.06666666666653,660.9155999999996,0.209779244383162,439577.6388888889,4756.97222222222
46.666666666666664,33.333333333333336,66.66666666666667,66.66666666666667,33.333333333333336,36.73333333333326,619.7600444444442,0.19156788035050226,470563.75,4465.305555555555
46.666666666666664,33.333333333333336,66.66666666666667,66.66666666666667,66.66666666666667,3.3999999999999977,623.0489333333334,0.2004609700019621,501549.8611111111,4173.638888888889
46.666666666666664,33.333333333333336,66.66666666666667,100.0,0.0,36.73333333333328,640.8711555555553,0.21555053380254718,470563.74999999994,4465.305555555554
46.666666666666664,33.333333333333336,66.66666666666667,100.0,33.333333333333336,3.4000000000000083,621.9378222222222,0.2123198187556681,501549.86111111107,4173.638888888888
46.666666666666664,33.333333333333336,100.0,0.0,0.0,103.39999999999976,714.2933777777769,0.25865595966284416,477952.6388888888,5465.305555555551
46.666666666666664,33.333333333333336,100.0,0.0,33.333333333333336,70.06666666666649,650.9155999999994,0.22457507082887407,508938.74999999994,5173.638888888885
46.666666666666664,33.333333333333336,100.0,0.0,66.66666666666667,36.73333333333323,631.9822666666664,0.2184875114945533,539924.861111111,4881.972222222219
46.666666666666664,33.333333333333336,100.0,0.0,100.0,3.3999999999999755,657.4933777777777,0.24507646617652445,570910.9722222221,4590.305555555555
46.666666666666664,33.333333333333336,100.0,33.333333333333336,0.0,70.06666666666652,654.2489333333328,0.22541506323664004,508938.74999999994,5173.638888888886
46.666666666666664,33.333333333333336,100.0,33.333333333333336,33.333333333333336,36.73333333333324,613.0933777777775,0.2072036992039803,539924.861111111,4881.97222222222
46.666666666666664,33.333333333333336,100.0,33.333333333333336,66.66666666666667,3.3999999999999737,616.3822666666666,0.21609678885544015,570910.9722222221,4590.305555555555
46.666666666666664,33.333333333333336,100.0,66.66666666666667,0.0,36.733333333333235,625.3155999999998,0.2184141461395569,539924.861111111,4881.972222222219
46.666666666666664,33.333333333333336,100.0,66.66666666666667,33.333333333333336,3.3999999999999755,606.3822666666666,0.21518343109267785,570910.9722222221,4590.305555555554
46.666666666666664,33.333333333333336,100.0,100.0,0.0,3.3999999999999932,627.4933777777778,0.23916608454472274,570910.9722222221,4590.305555555555
46.666666666666664,66.66666666666667,0.0,0.0,0.0,170.06666666666632,943.2711555555536,0.34930747177903,176910.9722222222,5090.305555555549
46.666666666666664,66.66666666666667,0.0,0.0,33.333333333333336,136.73333333333304,835.448933333332,0.2729093171456892,207897.0833333333,4798.638888888883
46.666666666666664,66.66666666666667,0.0,0.0,66.66666666666667,103.3999999999998,772.0711555555547,0.23277896429055267,238883.1944444444,4506.972222222219
46.666666666666664,66.66666666666667,0.0,0.0,100.0,70.06666666666653,753.1378222222218,0.22851774518543283,269869.3055555555,4215.305555555553
46.666666666666664,66.66666666666667,0.0,33.333333333333336,0.0,136.73333333333306,838.7822666666655,0.2737493095534552,207897.0833333333,4798.638888888884
46.666666666666664,66.66666666666667,0.0,33.333333333333336,33.333333333333336,103.3999999999998,753.1822666666659,0.2214951519999797,238883.19444444444,4506.972222222219
46.666666666666664,66.66666666666667,0.0,33.333333333333336,66.66666666666667,70.06666666666655,712.0267111111107,0.19953806786434852,269869.30555555556,4215.305555555554
46.666666666666664,66.66666666666667,0.0,33.333333333333336,100.0,36.73333333333326,715.3155999999999,0.21114637356053903,300855.4166666666,3923.638888888888
46.666666666666664,66.66666666666667,0.0,66.66666666666667,0.0,103.39999999999978,765.404488888888,0.23270559893555626,238883.1944444444,4506.972222222219
46.666666666666664,66.66666666666667,0.0,66.66666666666667,33.333333333333336,70.06666666666656,702.0267111111107,0.19862471010158622,269869.3055555555,4215.305555555554
46.666666666666664,66.66666666666667,0.0,66.66666666666667,66.66666666666667,36.73333333333328,683.0933777777776,0.19253715076726538,300855.4166666666,3923.6388888888882
46.666666666666664,66.66666666666667,0.0,66.66666666666667,100.0,3.400000000000005,708.6044888888889,0.21912610544923655,331841.52777777775,3631.972222222222
46.666666666666664,66.66666666666667,0.0,100.0,0.0,70.06666666666655,723.1378222222218,0.22260736355363114,269869.3055555555,4215.305555555553
46.666666666666664,66.66666666666667,0.0,100.0,33.333333333333336,36.733333333333285,681.9822666666664,0.20439599952097137,300855.4166666666,3923.638888888888
46.666666666666664,66.66666666666667,0.0,100.0,66.66666666666667,3.4000000000000377,685.2711555555555,0.2132890891724312,331841.52777777775,3631.9722222222226
46.666666666666664,66.66666666666667,33.333333333333336,0.0,0.0,136.733333333333,814.3378222222207,0.27943805238613606,277258.1944444444,5215.305555555549
46.666666666666664,66.66666666666667,33.333333333333336,0.0,33.333333333333336,103.39999999999975,728.7378222222212,0.22718389483266055,308244.3055555555,4923.638888888885
46.666666666666664,66.66666666666667,33.333333333333336,0.0,66.66666666666667,70.0666666666665,687.5822666666661,0.20522681069702942,339230.4166666666,4631.972222222219
46.666666666666664,66.66666666666667,33.333333333333336,0.0,100.0,36.733333333333235,690.8711555555552,0.21683511639321995,370216.5277777777,4340.305555555553
46.666666666666664,66.66666666666667,33.333333333333336,33.333333333333336,0.0,103.39999999999979,732.0711555555547,0.22802388724042652,308244.3055555555,4923.638888888885
46.666666666666664,66.66666666666667,33.333333333333336,33.333333333333336,33.333333333333336,70.06666666666652,668.6933777777773,0.19394299840645643,339230.4166666666,4631.97222222222
46.666666666666664,66.66666666666667,33.333333333333336,33.333333333333336,66.66666666666667,36.733333333333256,649.7600444444442,0.18785543907213562,370216.52777777775,4340.305555555555
46.666666666666664,66.66666666666667,33.333333333333336,33.333333333333336,100.0,3.3999999999999857,675.2711555555555,0.2144443937541068,401202.6388888888,4048.6388888888887
46.666666666666664,66.66666666666667,33.333333333333336,66.66666666666667,0.0,70.06666666666652,680.9155999999995,0.205153445342033,339230.4166666666,4631.97222222222
46.666666666666664,66.66666666666667,33.333333333333336,66.66666666666667,33.333333333333336,36.733333333333256,639.7600444444442,0.18694208130937326,370216.52777777775,4340.305555555555
46.666666666666664,66.66666666666667,33.333333333333336,66.66666666666667,66.66666666666667,3.3999999999999915,643.0489333333333,0.1958351709608331,401202.6388888889,4048.6388888888887
46.666666666666664,66.66666666666667,33.333333333333336,100.0,0.0,36.73333333333325,660.8711555555552,0.21092473476141818,370216.5277777777,4340.305555555554
46.666666666666664,66.66666666666667,33.333333333333336,100.0,33.333333333333336,3.3999999999999937,641.9378222222222,0.2076940197145391,401202.6388888888,4048.6388888888882
46.666666666666664,66.66666666666667,66.66666666666667,0.0,0.0,103.39999999999972,720.9600444444433,0.24302014080936607,377605.4166666666,5340.30555555555
46.666666666666664,66.66666666666667,66.66666666666667,0.0,33.333333333333336,70.06666666666648,657.582266666666,0.20893925197539603,408591.52777777775,5048.638888888885
46.666666666666664,66.66666666666667,66.66666666666667,0.0,66.66666666666667,36.733333333333206,638.6489333333329,0.20285169264107528,439577.6388888889,4756.97222222222
46.666666666666664,66.66666666666667,66.66666666666667,0.0,100.0,3.3999999999999284,664.1600444444442,0.22944064732304648,470563.74999999994,4465.305555555554
46.666666666666664,66.66666666666667,66.66666666666667,33.333333333333336,0.0,70.06666666666649,660.9155999999994,0.20977924438316198,408591.52777777775,5048.638888888886
46.666666666666664,66.66666666666667,66.66666666666667,33.333333333333336,33.333333333333336,36.73333333333322,619.7600444444441,0.19156788035050232,439577.6388888889,4756.97222222222
46.666666666666664,66.66666666666667,66.66666666666667,33.333333333333336,66.66666666666667,3.3999999999999586,623.0489333333333,0.20046097000196214,470563.75,4465.305555555555
46.666666666666664,66.66666666666667,66.66666666666667,66.66666666666667,0.0,36.733333333333235,631.9822666666663,0.20277832728607886,439577.6388888889,4756.972222222221
46.666666666666664,66.66666666666667,66.66666666666667,66.66666666666667,33.333333333333336,3.399999999999957,613.0489333333331,0.1995476122391998,470563.75,4465.305555555555
46.666666666666664,66.66666666666667,66.66666666666667,100.0,0.0,3.399999999999946,634.1600444444443,0.22353026569124473,470563.74999999994,4465.305555555554
46.666666666666664,66.66666666666667,100.0,0.0,0.0,70.06666666666648,663.1378222222215,0.23578551776445067,477952.6388888888,5465.305555555552
46.666666666666664,66.66666666666667,100.0,0.0,33.333333333333336,36.7333333333332,621.9822666666663,0.21757415373179095,508938.74999999994,5173.638888888886
46.666666666666664,66.66666666666667,100.0,0.0,66.66666666666667,3.3999999999999293,625.2711555555554,0.22646724338325083,539924.861111111,4881.972222222221
46.666666666666664,66.66666666666667,100.0,33.333333333333336,0.0,36.733333333333206,625.3155999999996,0.2184141461395569,508938.74999999994,5173.638888888886
46.666666666666664,66.66666666666667,100.0,33.333333333333336,33.333333333333336,3.3999999999999306,606.3822666666664,0.21518343109267785,539924.861111111,4881.97222222222
46.666666666666664,66.66666666666667,100.0,66.66666666666667,0.0,3.3999999999999346,618.6044888888887,0.22639387802825445,539924.861111111,4881.972222222221
46.666666666666664,100.0,0.0,0.0,0.0,136.733333333333,856.560044444443,0.2968919705977341,176910.9722222222,5090.305555555549
46.666666666666664,100.0,0.0,0.0,33.333333333333336,103.39999999999978,770.9600444444435,0.24463781304425863,207897.0833333333,4798.638888888885
46.666666666666664,100.0,0.0,0.0,66.66666666666667,70.0666666666665,729.8044888888884,0.2226807289086275,238883.1944444444,4506.972222222219
46.666666666666664,100.0,0.0,0.0,100.0,36.733333333333235,733.0933777777775,0.23428903460481804,269869.3055555555,4215.305555555553
46.666666666666664,100.0,0.0,33.333333333333336,0.0,103.39999999999975,774.2933777777769,0.24547780545202458,207897.0833333333,4798.638888888885
46.666666666666664,100.0,0.0,33.333333333333336,33.333333333333336,70.06666666666652,710.9155999999995,0.21139691661805451,238883.19444444444,4506.97222222222
46.666666666666664,100.0,0.0,33.333333333333336,66.66666666666667,36.733333333333235,691.9822666666664,0.20530935728373373,269869.30555555556,4215.305555555554
46.666666666666664,100.0,0.0,33.333333333333336,100.0,3.3999999999999706,717.4933777777777,0.23189831196570487,300855.4166666666,3923.6388888888887
46.666666666666664,100.0,0.0,66.66666666666667,0.0,70.06666666666649,723.1378222222215,0.2226073635536311,238883.1944444444,4506.972222222219
46.666666666666664,100.0,0.0,66.66666666666667,33.333333333333336,36.73333333333325,681.9822666666663,0.20439599952097137,269869.3055555555,4215.305555555554
46.666666666666664,100.0,0.0,66.66666666666667,66.66666666666667,3.3999999999999777,685.2711555555554,0.21328908917243122,300855.4166666666,3923.6388888888887
46.666666666666664,100.0,0.0,100.0,0.0,36.73333333333325,703.0933777777775,0.2283786529730163,269869.3055555555,4215.305555555554
46.666666666666664,100.0,0.0,100.0,33.333333333333336,3.399999999999987,684.1600444444443,0.22514793792613721,300855.4166666666,3923.6388888888882
46.666666666666664,100.0,33.333333333333336,0.0,0.0,103.39999999999972,749.8489333333322,0.2511665482847054,277258.1944444444,5215.30555555555
46.666666666666664,100.0,33.333333333333336,0.0,33.333333333333336,70.06666666666646,686.4711555555548,0.21708565945073538,308244.3055555555,4923.638888888885
46.666666666666664,100.0,33.333333333333336,0.0,66.66666666666667,36.733333333333206,667.5378222222218,0.21099810011641462,339230.4166666666,4631.97222222222
46.666666666666664,100.0,33.333333333333336,0.0,100.0,3.3999999999999324,693.0489333333331,0.2375870547983858,370216.5277777777,4340.305555555554
46.666666666666664,100.0,33.333333333333336,33.333333333333336,0.0,70.06666666666649,689.8044888888883,0.21792565185850132,308244.3055555555,4923.638888888886
46.666666666666664,100.0,33.333333333333336,33.333333333333336,33.333333333333336,36.733333333333206,648.6489333333329,0.1997142878258416,339230.4166666666,4631.97222222222
46.666666666666664,100.0,33.333333333333336,33.333333333333336,66.66666666666667,3.399999999999953,651.9378222222222,0.2086073774773015,370216.52777777775,4340.305555555554
46.666666666666664,100.0,33.333333333333336,66.66666666666667,0.0,36.73333333333322,660.8711555555552,0.2109247347614182,339230.4166666666,4631.97222222222
46.666666666666664,100.0,33.333333333333336,66.66666666666667,33.333333333333336,3.3999999999999586,641.937822222222,0.20769401971453913,370216.52777777775,4340.305555555555
46.666666666666664,100.0,33.333333333333336,100.0,0.0,3.39999999999994,663.0489333333333,0.23167667316658408,370216.5277777777,4340.305555555554
46.666666666666664,100.0,66.66666666666667,0.0,0.0,70.06666666666646,678.6933777777772,0.23292190542744096,377605.4166666666,5340.305555555551
46.666666666666664,100.0,66.66666666666667,0.0,33.333333333333336,36.733333333333185,637.5378222222218,0.21471054139478124,408591.52777777775,5048.638888888886
46.666666666666664,100.0,66.66666666666667,0.0,66.66666666666667,3.3999999999999213,640.826711111111,0.22360363104624115,439577.6388888889,4756.972222222221
46.666666666666664,100.0,66.66666666666667,33.333333333333336,0.0,36.733333333333185,640.8711555555552,0.21555053380254718,408591.52777777775,5048.638888888886
46.666666666666664,100.0,66.66666666666667,33.333333333333336,33.333333333333336,3.3999999999999186,621.937822222222,0.21231981875566813,439577.6388888889,4756.97222222222
46.666666666666664,100.0,66.66666666666667,66.66666666666667,0.0,3.399999999999924,634.1600444444443,0.22353026569124473,439577.6388888889,4756.972222222221
46.666666666666664,100.0,100.0,0.0,0.0,36.73333333333314,643.0933777777773,0.2415568071838359,477952.6388888888,5465.305555555552
46.666666666666664,100.0,100.0,0.0,33.333333333333336,3.3999999999999004,624.1600444444442,0.23832609213695685,508938.74999999994,5173.638888888886
46.666666666666664,100.0,100.0,33.333333333333336,0.0,3.3999999999999027,627.4933777777776,0.2391660845447228,508938.74999999994,5173.638888888887
93.33333333333333,0.0,0.0,0.0,0.0,190.06666666666632,1065.9200444444423,0.41818160446077035,348508.1944444444,5339.194444444438
93.33333333333333,0.0,0.0,0.0,33.333333333333336,156.733333333333,944.7644888888872,0.32092971395487846,379494.3055555555,5047.527777777772
93.33333333333333,0.0,0.0,0.0,66.66666666666667,123.3999999999998,868.0533777777769,0.26743862835834675,410480.4166666666,4755.861111111108
93.33333333333333,0.0,0.0,0.0,100.0,90.06666666666648,835.7867111111103,0.252707774440021,441466.5277777777,4464.19444444444
93.33333333333333,0.0,0.0,33.333333333333336,0.0,156.73333333333304,948.0978222222207,0.3217697063626444,379494.3055555555,5047.527777777772
93.33333333333333,0.0,0.0,33.333333333333336,33.333333333333336,123.39999999999974,849.1644888888877,0.2561548160677736,410480.4166666666,4755.861111111106
93.33333333333333,0.0,0.0,33.333333333333336,66.66666666666667,90.06666666666652,794.6755999999995,0.22372809711893676,441466.52777777775,4464.194444444442
93.33333333333333,0.0,0.0,33.333333333333336,100.0,56.733333333333206,784.6311555555551,0.22598226830054358,472452.6388888888,4172.527777777776
93.33333333333333,0.0,0.0,66.66666666666667,0.0,123.39999999999975,861.3867111111099,0.2673652630033503,410480.4166666666,4755.861111111106
93.33333333333333,0.0,0.0,66.66666666666667,33.333333333333336,90.06666666666652,784.6755999999995,0.22281473935617443,441466.52777777775,4464.194444444442
93.33333333333333,0.0,0.0,66.66666666666667,66.66666666666667,56.73333333333324,752.4089333333329,0.20737304550726995,472452.6388888889,4172.527777777776
93.33333333333333,0.0,0.0,66.66666666666667,100.0,23.399999999999963,764.5867111111111,0.22503826995259393,503438.74999999994,3880.86111111111
93.33333333333333,0.0,0.0,100.0,0.0,90.06666666666652,805.7867111111105,0.24679739280821933,441466.5277777777,4464.194444444441
93.33333333333333,0.0,0.0,100.0,33.333333333333336,56.73333333333325,751.2978222222218,0.21923189426097592,472452.6388888888,4172.527777777776
93.33333333333333,0.0,0.0,100.0,66.66666666666667,23.39999999999999,741.2533777777777,0.2192012536757886,503438.74999999994,3880.8611111111104
93.33333333333333,0.0,33.333333333333336,0.0,0.0,156.73333333333298,923.6533777777759,0.3274584491953252,448855.4166666666,5464.194444444438
93.33333333333333,0.0,33.333333333333336,0.0,33.333333333333336,123.39999999999972,824.7200444444433,0.2618435589004545,479841.52777777775,5172.527777777772
93.33333333333333,0.0,33.333333333333336,0.0,66.66666666666667,90.06666666666649,770.2311555555549,0.2294168399516176,510827.6388888889,4880.861111111108
93.33333333333333,0.0,33.333333333333336,0.0,100.0,56.73333333333319,760.1867111111106,0.23167101113322447,541813.75,4589.194444444442
93.33333333333333,0.0,33.333333333333336,33.333333333333336,0.0,123.39999999999975,828.0533777777766,0.26268355130822046,479841.52777777775,5172.527777777773
93.33333333333333,0.0,33.333333333333336,33.333333333333336,33.333333333333336,90.06666666666648,751.3422666666659,0.2181330276610446,510827.6388888889,4880.861111111108
93.33333333333333,0.0,33.333333333333336,33.333333333333336,66.66666666666667,56.73333333333322,719.0755999999997,0.20269133381214016,541813.75,4589.194444444442
93.33333333333333,0.0,33.333333333333336,33.333333333333336,100.0,23.399999999999945,731.2533777777776,0.2203565582574642,572799.8611111111,4297.5277777777765
93.33333333333333,0.0,33.333333333333336,66.66666666666667,0.0,90.06666666666648,763.564488888888,0.2293434745966212,510827.6388888889,4880.861111111108
93.33333333333333,0.0,33.333333333333336,66.66666666666667,33.333333333333336,56.73333333333322,709.0755999999997,0.2017779760493778,541813.75,4589.194444444442
93.33333333333333,0.0,33.333333333333336,66.66666666666667,66.66666666666667,23.399999999999945,699.0311555555553,0.2017473354641905,572799.8611111111,4297.5277777777765
93.33333333333333,0.0,33.333333333333336,100.0,0.0,56.73333333333322,730.1867111111108,0.22576062950142275,541813.75,4589.194444444442
93.33333333333333,0.0,33.333333333333336,100.0,33.333333333333336,23.39999999999997,697.9200444444443,0.2136061842178965,572799.8611111111,4297.5277777777765
93.33333333333333,0.0,66.66666666666667,0.0,0.0,123.3999999999997,816.9422666666653,0.27767980487716004,549202.6388888888,5589.194444444438
93.33333333333333,0.0,66.66666666666667,0.0,33.333333333333336,90.06666666666644,740.2311555555547,0.23312928122998422,580188.7499999999,5297.527777777774
93.33333333333333,0.0,66.66666666666667,0.0,66.66666666666667,56.733333333333185,707.9644888888884,0.2176875873810798,611174.861111111,5005.861111111108
93.33333333333333,0.0,66.66666666666667,0.0,100.0,23.399999999999906,720.1422666666665,0.23535281182640383,642160.9722222221,4714.194444444442
93.33333333333333,0.0,66.66666666666667,33.333333333333336,0.0,90.06666666666644,743.564488888888,0.23396927363775016,580188.7499999999,5297.527777777774
93.33333333333333,0.0,66.66666666666667,33.333333333333336,33.333333333333336,56.73333333333319,689.0755999999996,0.2064037750905068,611174.861111111,5005.861111111108
93.33333333333333,0.0,66.66666666666667,33.333333333333336,66.66666666666667,23.399999999999928,679.0311555555554,0.20637313450531952,642160.9722222221,4714.1944444444425
93.33333333333333,0.0,66.66666666666667,66.66666666666667,0.0,56.73333333333318,701.2978222222216,0.2176142220260834,611174.861111111,5005.861111111108
93.33333333333333,0.0,66.66666666666667,66.66666666666667,33.333333333333336,23.399999999999928,669.0311555555553,0.2054597767425572,642160.9722222221,4714.1944444444425
93.33333333333333,0.0,66.66666666666667,100.0,0.0,23.399999999999935,690.1422666666665,0.22944243019460211,642160.9722222221,4714.1944444444425
93.33333333333333,0.0,100.0,0.0,0.0,90.06666666666644,745.7867111111102,0.25997554701903886,649549.861111111,5714.19444444444
93.33333333333333,0.0,100.0,0.0,33.333333333333336,56.733333333333164,691.2978222222216,0.2324100484717955,680535.9722222221,5422.527777777774
93.33333333333333,0.0,100.0,0.0,66.66666666666667,23.399999999999906,681.2533777777776,0.2323794078866082,711522.0833333333,5130.861111111109
93.33333333333333,0.0,100.0,33.333333333333336,0.0,56.73333333333315,694.631155555555,0.23325004087956142,680535.9722222221,5422.527777777774
93.33333333333333,0.0,100.0,33.333333333333336,33.333333333333336,23.399999999999892,662.3644888888886,0.22109559559603523,711522.0833333333,5130.861111111108
93.33333333333333,0.0,100.0,66.66666666666667,0.0,23.399999999999896,674.5867111111108,0.23230604253161183,711522.0833333333,5130.861111111109
93.33333333333333,33.333333333333336,0.0,0.0,0.0,156.733333333333,948.0978222222205,0.32176970636264435,348508.1944444444,5339.194444444438
93.33333333333333,33.333333333333336,0.0,0.0,33.333333333333336,123.39999999999975,849.1644888888877,0.2561548160677737,379494.3055555555,5047.527777777773
93.33333333333333,33.333333333333336,0.0,0.0,66.66666666666667,90.06666666666646,794.6755999999992,0.2237280971189367,410480.4166666666,4755.861111111107
93.33333333333333,33.333333333333336,0.0,0.0,100.0,56.733333333333206,784.6311555555551,0.22598226830054358,441466.5277777777,4464.194444444442
93.33333333333333,33.333333333333336,0.0,33.333333333333336,0.0,123.3999999999997,852.4978222222209,0.2569948084755395,379494.3055555555,5047.527777777772
93.33333333333333,33.333333333333336,0.0,33.333333333333336,33.333333333333336,90.06666666666649,775.7867111111104,0.21244428482836375,410480.4166666666,4755.861111111108
93.33333333333333,33.333333333333336,0.0,33.333333333333336,66.66666666666667,56.733333333333235,743.5200444444441,0.1970025909794593,441466.52777777775,4464.1944444444425
93.33333333333333,33.333333333333336,0.0,33.333333333333336,100.0,23.39999999999995,755.697822222222,0.2146678154247833,472452.6388888888,4172.5277777777765
93.33333333333333,33.333333333333336,0.0,66.66666666666667,0.0,90.06666666666648,788.0089333333325,0.2236547317639403,410480.4166666666,4755.861111111108
93.33333333333333,33.333333333333336,0.0,66.66666666666667,33.333333333333336,56.733333333333206,733.520044444444,0.19608923321669697,441466.52777777775,4464.194444444442
93.33333333333333,33.333333333333336,0.0,66.66666666666667,66.66666666666667,23.39999999999994,723.4755999999999,0.19605859263150965,472452.6388888889,4172.5277777777765
93.33333333333333,33.333333333333336,0.0,100.0,0.0,56.733333333333206,754.6311555555551,0.22007188666874186,441466.5277777777,4464.194444444442
93.33333333333333,33.333333333333336,0.0,100.0,33.333333333333336,23.39999999999995,722.3644888888887,0.20791744138521562,472452.6388888888,4172.527777777776
93.33333333333333,33.333333333333336,33.333333333333336,0.0,0.0,123.39999999999966,828.0533777777763,0.26268355130822035,448855.4166666666,5464.194444444438
93.33333333333333,33.333333333333336,33.333333333333336,0.0,33.333333333333336,90.06666666666644,751.3422666666658,0.2181330276610446,479841.52777777775,5172.527777777774
93.33333333333333,33.333333333333336,33.333333333333336,0.0,66.66666666666667,56.73333333333318,719.0755999999994,0.20269133381214016,510827.6388888889,4880.861111111108
93.33333333333333,33.333333333333336,33.333333333333336,0.0,100.0,23.39999999999992,731.2533777777776,0.2203565582574642,541813.75,4589.194444444442
93.33333333333333,33.333333333333336,33.333333333333336,33.333333333333336,0.0,90.06666666666646,754.6755999999992,0.21897302006881053,479841.52777777775,5172.527777777774
93.33333333333333,33.333333333333336,33.333333333333336,33.333333333333336,33.333333333333336,56.73333333333318,700.1867111111105,0.19140752152156718,510827.6388888889,4880.861111111108
93.33333333333333,33.333333333333336,33.333333333333336,33.333333333333336,66.66666666666667,23.39999999999992,690.1422666666665,0.1913768809363799,541813.75,4589.194444444442
93.33333333333333,33.333333333333336,33.333333333333336,66.66666666666667,0.0,56.73333333333318,712.4089333333327,0.20261796845714375,510827.6388888889,4880.861111111108
93.33333333333333,33.333333333333336,33.333333333333336,66.66666666666667,33.333333333333336,23.399999999999924,680.1422666666664,0.19046352317361753,541813.75,4589.1944444444425
93.33333333333333,33.333333333333336,33.333333333333336,100.0,0.0,23.39999999999993,701.2533777777776,0.21444617662566245,541813.75,4589.1944444444425
93.33333333333333,33.333333333333336,66.66666666666667,0.0,0.0,90.06666666666644,743.564488888888,0.23396927363775016,549202.6388888888,5589.19444444444
93.33333333333333,33.333333333333336,66.66666666666667,0.0,33.333333333333336,56.733333333333135,689.0755999999994,0.20640377509050678,580188.7499999999,5297.527777777773
93.33333333333333,33.333333333333336,66.66666666666667,0.0,66.66666666666667,23.39999999999989,679.0311555555553,0.20637313450531952,611174.861111111,5005.861111111109
93.33333333333333,33.333333333333336,66.66666666666667,33.333333333333336,0.0,56.73333333333317,692.4089333333329,0.20724376749827275,580188.7499999999,5297.527777777774
93.33333333333333,33.333333333333336,66.66666666666667,33.333333333333336,33.333333333333336,23.39999999999989,660.1422666666664,0.19508932221474656,611174.861111111,5005.861111111108
93.33333333333333,33.333333333333336,66.66666666666667,66.66666666666667,0.0,23.3999999999999,672.3644888888887,0.20629976915032314,611174.861111111,5005.861111111109
93.33333333333333,33.333333333333336,100.0,0.0,0.0,56.73333333333312,694.6311555555549,0.23325004087956142,649549.861111111,5714.19444444444
93.33333333333333,33.333333333333336,100.0,0.0,33.333333333333336,23.399999999999856,662.3644888888884,0.22109559559603523,680535.9722222221,5422.527777777774
93.33333333333333,33.333333333333336,100.0,33.333333333333336,0.0,23.399999999999853,665.6978222222218,0.22193558800380117,680535.9722222221,5422.527777777774
93.33333333333333,66.66666666666667,0.0,0.0,0.0,123.39999999999968,861.3867111111097,0.2673652630033502,348508.1944444444,5339.194444444438
93.33333333333333,66.66666666666667,0.0,0.0,33.333333333333336,90.06666666666644,784.6755999999991,0.22281473935617435,379494.3055555555,5047.527777777774
93.33333333333333,66.66666666666667,0.0,0.0,66.66666666666667,56.733333333333164,752.4089333333327,0.20737304550726993,410480.4166666666,4755.861111111108
93.33333333333333,66.66666666666667,0.0,0.0,100.0,23.399999999999885,764.5867111111108,0.22503826995259396,441466.5277777777,4464.194444444442
93.33333333333333,66.66666666666667,0.0,33.333333333333336,0.0,90.06666666666642,788.0089333333324,0.22365473176394027,379494.3055555555,5047.527777777773
93.33333333333333,66.66666666666667,0.0,33.333333333333336,33.333333333333336,56.73333333333318,733.520044444444,0.19608923321669697,410480.4166666666,4755.861111111108
93.33333333333333,66.66666666666667,0.0,33.333333333333336,66.66666666666667,23.399999999999903,723.4755999999998,0.19605859263150965,441466.52777777775,4464.1944444444425
93.33333333333333,66.66666666666667,0.0,66.66666666666667,0.0,56.73333333333317,745.7422666666662,0.20729968015227354,410480.4166666666,4755.861111111108
93.33333333333333,66.66666666666667,0.0,66.66666666666667,33.333333333333336,23.3999999999999,713.4755999999996,0.19514523486874732,441466.52777777775,4464.1944444444425
93.33333333333333,66.66666666666667,0.0,100.0,0.0,23.399999999999903,734.5867111111108,0.21912788832079225,441466.5277777777,4464.194444444442
93.33333333333333,66.66666666666667,33.333333333333336,0.0,0.0,90.06666666666639,763.5644888888878,0.22934347459662116,448855.4166666666,5464.194444444439
93.33333333333333,66.66666666666667,33.333333333333336,0.0,33.333333333333336,56.73333333333314,709.0755999999994,0.2017779760493778,479841.52777777775,5172.527777777774
93.33333333333333,66.66666666666667,33.333333333333336,0.0,66.66666666666667,23.399999999999864,699.0311555555552,0.20174733546419055,510827.6388888889,4880.861111111108
93.33333333333333,66.66666666666667,33.333333333333336,33.333333333333336,0.0,56.733333333333135,712.4089333333327,0.20261796845714375,479841.52777777775,5172.527777777773
93.33333333333333,66.66666666666667,33.333333333333336,33.333333333333336,33.333333333333336,23.399999999999867,680.1422666666663,0.19046352317361756,510827.6388888889,4880.861111111108
93.33333333333333,66.66666666666667,33.333333333333336,66.66666666666667,0.0,23.39999999999987,692.3644888888886,0.20167397010919413,510827.6388888889,4880.861111111109
93.33333333333333,66.66666666666667,66.66666666666667,0.0,0.0,56.733333333333086,701.2978222222214,0.21761422202608338,549202.6388888888,5589.19444444444
93.33333333333333,66.66666666666667,66.66666666666667,0.0,33.333333333333336,23.399999999999842,669.0311555555551,0.20545977674255722,580188.7499999999,5297.527777777774
93.33333333333333,66.66666666666667,66.66666666666667,33.333333333333336,0.0,23.39999999999985,672.3644888888884,0.20629976915032316,580188.7499999999,5297.527777777774
93.33333333333333,66.66666666666667,100.0,0.0,0.0,23.399999999999814,674.5867111111106,0.23230604253161186,649549.861111111,5714.19444444444
93.33333333333333,100.0,0.0,0.0,0.0,90.06666666666644,805.7867111111102,0.24679739280821927,348508.1944444444,5339.19444444444
93.33333333333333,100.0,0.0,0.0,33.333333333333336,56.73333333333311,751.2978222222214,0.2192318942609759,379494.3055555555,5047.527777777773
93.33333333333333,100.0,0.0,0.0,66.66666666666667,23.399999999999864,741.2533777777775,0.21920125367578863,410480.4166666666,4755.861111111108
93.33333333333333,100.0,0.0,33.333333333333336,0.0,56.733333333333114,754.6311555555549,0.22007188666874183,379494.3055555555,5047.527777777774
93.33333333333333,100.0,0.0,33.333333333333336,33.333333333333336,23.399999999999864,722.3644888888886,0.20791744138521565,410480.4166666666,4755.861111111108
93.33333333333333,100.0,0.0,66.66666666666667,0.0,23.39999999999987,734.5867111111108,0.21912788832079225,410480.4166666666,4755.861111111109
93.33333333333333,100.0,33.333333333333336,0.0,0.0,56.73333333333309,730.1867111111103,0.22576062950142273,448855.4166666666,5464.19444444444
93.33333333333333,100.0,33.333333333333336,0.0,33.333333333333336,23.39999999999985,697.920044444444,0.21360618421789657,479841.52777777775,5172.527777777774
93.33333333333333,100.0,33.333333333333336,33.333333333333336,0.0,23.39999999999984,701.2533777777774,0.2144461766256625,479841.52777777775,5172.527777777774
93.33333333333333,100.0,66.66666666666667,0.0,0.0,23.399999999999814,690.1422666666663,0.22944243019460214,549202.6388888888,5589.19444444444
140.0,0.0,0.0,0.0,0.0,143.39999999999964,1017.6355999999982,0.30949630604376044,520105.4166666666,5588.083333333327
140.0,0.0,0.0,0.0,33.333333333333336,110.0666666666664,927.5911555555543,0.25307624346349394,551091.5277777778,5296.416666666662
140.0,0.0,0.0,0.0,66.66666666666667,76.73333333333315,881.9911555555549,0.22774027654276513,582077.6388888889,5004.749999999996
140.0,0.0,0.0,0.0,100.0,43.39999999999988,880.8355999999995,0.23627336386351733,613063.75,4713.08333333333
140.0,0.0,0.0,33.333333333333336,0.0,110.06666666666642,930.9244888888878,0.2539162358712599,551091.5277777778,5296.416666666662
140.0,0.0,0.0,33.333333333333336,33.333333333333336,76.73333333333315,863.102266666666,0.21645646425219214,582077.6388888889,5004.749999999996
140.0,0.0,0.0,33.333333333333336,66.66666666666667,43.39999999999989,839.7244888888886,0.20729368654243305,613063.75,4713.083333333331
140.0,0.0,0.0,33.333333333333336,100.0,10.066666666666608,860.7911555555554,0.23092458862752813,644049.8611111111,4421.416666666665
140.0,0.0,0.0,66.66666666666667,0.0,76.73333333333316,875.3244888888881,0.22766691118776877,582077.6388888889,5004.749999999996
140.0,0.0,0.0,66.66666666666667,33.333333333333336,43.39999999999988,829.7244888888883,0.20638032877967072,613063.75,4713.083333333331
140.0,0.0,0.0,66.66666666666667,66.66666666666667,10.066666666666604,828.5689333333331,0.2123153658342545,644049.8611111111,4421.416666666665
140.0,0.0,0.0,100.0,0.0,43.399999999999864,850.8355999999995,0.2303629822317156,613063.75,4713.08333333333
140.0,0.0,0.0,100.0,33.333333333333336,10.066666666666624,827.457822222222,0.22417421458796044,644049.8611111111,4421.416666666665
140.0,0.0,33.333333333333336,0.0,0.0,110.06666666666638,906.4800444444431,0.2596049787039407,620452.6388888889,5713.083333333328
140.0,0.0,33.333333333333336,0.0,33.333333333333336,76.7333333333331,838.6578222222213,0.222145207084873,651438.75,5421.416666666662
140.0,0.0,33.333333333333336,0.0,66.66666666666667,43.39999999999983,815.2800444444439,0.2129824293751139,682424.8611111111,5129.749999999996
140.0,0.0,33.333333333333336,0.0,100.0,10.066666666666563,836.3467111111108,0.23661333146020902,713410.9722222222,4838.083333333331
140.0,0.0,33.333333333333336,33.333333333333336,0.0,76.73333333333309,841.9911555555547,0.22298519949263892,651438.75,5421.4166666666615
140.0,0.0,33.333333333333336,33.333333333333336,33.333333333333336,43.39999999999983,796.391155555555,0.20169861708454093,682424.8611111111,5129.749999999996
140.0,0.0,33.333333333333336,33.333333333333336,66.66666666666667,10.066666666666576,795.2355999999997,0.2076336541391247,713410.9722222222,4838.083333333331
140.0,0.0,33.333333333333336,66.66666666666667,0.0,43.399999999999835,808.6133777777771,0.2129090640201175,682424.8611111111,5129.749999999996
140.0,0.0,33.333333333333336,66.66666666666667,33.333333333333336,10.066666666666574,785.2355999999996,0.20672029637636236,713410.9722222222,4838.083333333331
140.0,0.0,33.333333333333336,100.0,0.0,10.066666666666588,806.3467111111108,0.2307029498284073,713410.9722222222,4838.083333333331
140.0,0.0,66.66666666666667,0.0,0.0,76.73333333333308,830.8800444444435,0.23798145306157856,720799.861111111,5838.0833333333285
140.0,0.0,66.66666666666667,0.0,33.333333333333336,43.39999999999981,785.2800444444438,0.21669487065348056,751785.9722222221,5546.416666666662
140.0,0.0,66.66666666666667,0.0,66.66666666666667,10.06666666666655,784.1244888888887,0.22262990770806437,782772.0833333333,5254.749999999997
140.0,0.0,66.66666666666667,33.333333333333336,0.0,43.399999999999814,788.6133777777773,0.2175348630612465,751785.9722222221,5546.416666666662
140.0,0.0,66.66666666666667,33.333333333333336,33.333333333333336,10.066666666666546,765.2355999999997,0.2113460954174914,782772.0833333333,5254.749999999996
140.0,0.0,66.66666666666667,66.66666666666667,0.0,10.066666666666546,777.4578222222219,0.222556542353068,782772.0833333333,5254.749999999997
140.0,0.0,100.0,0.0,0.0,43.399999999999785,790.8355999999993,0.2435411364425352,821147.0833333333,5963.083333333329
140.0,0.0,100.0,0.0,33.333333333333336,10.066666666666523,767.4578222222218,0.23735236879878008,852133.1944444444,5671.416666666663
140.0,0.0,100.0,33.333333333333336,0.0,10.06666666666653,770.7911555555552,0.23819236120654602,852133.1944444444,5671.416666666663
140.0,33.333333333333336,0.0,0.0,0.0,110.06666666666638,930.9244888888876,0.2539162358712599,520105.4166666666,5588.083333333328
140.0,33.333333333333336,0.0,0.0,33.333333333333336,76.73333333333309,863.1022666666657,0.21645646425219212,551091.5277777778,5296.416666666662
140.0,33.333333333333336,0.0,0.0,66.66666666666667,43.39999999999983,839.7244888888883,0.20729368654243305,582077.6388888889,5004.749999999996
140.0,33.333333333333336,0.0,0.0,100.0,10.066666666666563,860.7911555555553,0.23092458862752813,613063.75,4713.083333333331
140.0,33.333333333333336,0.0,33.333333333333336,0.0,76.73333333333309,866.4355999999991,0.21729645665995806,551091.5277777778,5296.416666666662
140.0,33.333333333333336,0.0,33.333333333333336,33.333333333333336,43.399999999999814,820.8355999999994,0.19600987425186006,582077.6388888889,5004.749999999996
140.0,33.333333333333336,0.0,33.333333333333336,66.66666666666667,10.066666666666576,819.6800444444442,0.20194491130644385,613063.75,4713.083333333331
140.0,33.333333333333336,0.0,66.66666666666667,0.0,43.39999999999983,833.0578222222217,0.20722032118743663,582077.6388888889,5004.749999999996
140.0,33.333333333333336,0.0,66.66666666666667,33.333333333333336,10.066666666666576,809.6800444444442,0.20103155354368152,613063.75,4713.083333333331
140.0,33.333333333333336,0.0,100.0,0.0,10.06666666666658,830.7911555555553,0.2250142069957264,613063.75,4713.083333333331
140.0,33.333333333333336,33.333333333333336,0.0,0.0,76.7333333333331,841.9911555555548,0.22298519949263895,620452.6388888889,5713.0833333333285
140.0,33.333333333333336,33.333333333333336,0.0,33.333333333333336,43.39999999999979,796.3911555555549,0.20169861708454093,651438.75,5421.416666666662
140.0,33.333333333333336,33.333333333333336,0.0,66.66666666666667,10.066666666666537,795.2355999999996,0.20763365413912474,682424.8611111111,5129.749999999997
140.0,33.333333333333336,33.333333333333336,33.333333333333336,0.0,43.39999999999981,799.7244888888883,0.20253860949230687,651438.75,5421.416666666662
140.0,33.333333333333336,33.333333333333336,33.333333333333336,33.333333333333336,10.066666666666531,776.3467111111107,0.19634984184855175,682424.8611111111,5129.749999999996
140.0,33.333333333333336,33.333333333333336,66.66666666666667,0.0,10.066666666666544,788.568933333333,0.20756028878412833,682424.8611111111,5129.749999999997
140.0,33.333333333333336,66.66666666666667,0.0,0.0,43.39999999999976,788.613377777777,0.2175348630612465,720799.861111111,5838.0833333333285
140.0,33.333333333333336,66.66666666666667,0.0,33.333333333333336,10.066666666666494,765.2355999999995,0.21134609541749141,751785.9722222221,5546.416666666662
140.0,33.333333333333336,66.66666666666667,33.333333333333336,0.0,10.066666666666501,768.568933333333,0.21218608782525733,751785.9722222221,5546.416666666662
140.0,33.333333333333336,100.0,0.0,0.0,10.066666666666471,770.7911555555551,0.23819236120654605,821147.0833333333,5963.083333333329
140.0,66.66666666666667,0.0,0.0,0.0,76.73333333333305,875.3244888888878,0.22766691118776866,520105.4166666666,5588.0833333333285
140.0,66.66666666666667,0.0,0.0,33.333333333333336,43.39999999999977,829.7244888888881,0.2063803287796707,551091.5277777778,5296.4166666666615
140.0,66.66666666666667,0.0,0.0,66.66666666666667,10.066666666666523,828.5689333333329,0.2123153658342545,582077.6388888889,5004.749999999997
140.0,66.66666666666667,0.0,33.333333333333336,0.0,43.399999999999814,833.0578222222216,0.20722032118743663,551091.5277777778,5296.416666666662
140.0,66.66666666666667,0.0,33.333333333333336,33.333333333333336,10.066666666666487,809.6800444444439,0.20103155354368157,582077.6388888889,5004.749999999995
140.0,66.66666666666667,0.0,66.66666666666667,0.0,10.066666666666498,821.9022666666663,0.21224200047925812,582077.6388888889,5004.749999999996
140.0,66.66666666666667,33.333333333333336,0.0,0.0,43.39999999999975,808.6133777777769,0.21290906402011753,620452.6388888889,5713.0833333333285
140.0,66.66666666666667,33.333333333333336,0.0,33.333333333333336,10.066666666666475,785.2355999999994,0.20672029637636244,651438.75,5421.416666666662
140.0,66.66666666666667,33.333333333333336,33.333333333333336,0.0,10.066666666666483,788.5689333333328,0.20756028878412836,651438.75,5421.416666666662
140.0,66.66666666666667,66.66666666666667,0.0,0.0,10.06666666666647,777.4578222222217,0.22255654235306802,720799.861111111,5838.083333333329
140.0,100.0,0.0,0.0,0.0,43.39999999999974,850.8355999999992,0.2303629822317156,520105.4166666666,5588.0833333333285
140.0,100.0,0.0,0.0,33.333333333333336,10.066666666666467,827.4578222222217,0.22417421458796052,551091.5277777778,5296.416666666662
140.0,100.0,0.0,33.333333333333336,0.0,10.066666666666485,830.7911555555551,0.22501420699572647,551091.5277777778,5296.416666666662
140.0,100.0,33.333333333333336,0.0,0.0,10.066666666666471,806.3467111111106,0.23070294982840736,620452.6388888889,5713.083333333329
